"RT @Intrapiernoso: Amigos, \u00bfqu\u00e9 les gustar\u00eda que dibuje Chevrolet Bolt EV? Ustedes pongan las ideas y @ChevroletMexico pondr\u00e1 los kil\u00f3metro\u2026"
"RT @Intrapiernoso: Amigos, \u00bfqu\u00e9 les gustar\u00eda que dibuje Chevrolet Bolt EV? Ustedes pongan las ideas y @ChevroletMexico pondr\u00e1 los kil\u00f3metro\u2026"
"RT @Intrapiernoso: Amigos, \u00bfqu\u00e9 les gustar\u00eda que dibuje Chevrolet Bolt EV? Ustedes pongan las ideas y @ChevroletMexico pondr\u00e1 los kil\u00f3metro\u2026"
"RT @Intrapiernoso: Amigos, \u00bfqu\u00e9 les gustar\u00eda que dibuje Chevrolet Bolt EV? Ustedes pongan las ideas y @ChevroletMexico pondr\u00e1 los kil\u00f3metro\u2026"
"RT @Intrapiernoso: Amigos, \u00bfqu\u00e9 les gustar\u00eda que dibuje Chevrolet Bolt EV? Ustedes pongan las ideas y @ChevroletMexico pondr\u00e1 los kil\u00f3metro\u2026"
"1969 Chevrolet Camaro Z/28 REAL DEAL X-77 Z/28, ALUMINUM HEAD ZZ4 CRATE MOTOR, M-20 TRANS, 12 BOLT, NICE! (TN) $599\u2026 https://t.co/ltcRPjW23d"
"RT @Intrapiernoso: Amigos, \u00bfqu\u00e9 les gustar\u00eda que dibuje Chevrolet Bolt EV? Ustedes pongan las ideas y @ChevroletMexico pondr\u00e1 los kil\u00f3metro\u2026"
"RT @Intrapiernoso: Amigos, \u00bfqu\u00e9 les gustar\u00eda que dibuje Chevrolet Bolt EV? Ustedes pongan las ideas y @ChevroletMexico pondr\u00e1 los kil\u00f3metro\u2026"
"RT @Intrapiernoso: Amigos, \u00bfqu\u00e9 les gustar\u00eda que dibuje Chevrolet Bolt EV? Ustedes pongan las ideas y @ChevroletMexico pondr\u00e1 los kil\u00f3metro\u2026"
"RT @Intrapiernoso: Amigos, \u00bfqu\u00e9 les gustar\u00eda que dibuje Chevrolet Bolt EV? Ustedes pongan las ideas y @ChevroletMexico pondr\u00e1 los kil\u00f3metro\u2026"
"Y a ti, \u00bfQue te gustar\u00eda que Chevrolet #ConUnaCargaDeBoltEV dibuje en la ciudad? \n\u00a1Podr\u00eda ser cualquier cosa! desde\u2026 https://t.co/LDzdWaUXUV"
"RT @Intrapiernoso: Amigos, \u00bfqu\u00e9 les gustar\u00eda que dibuje Chevrolet Bolt EV? Ustedes pongan las ideas y @ChevroletMexico pondr\u00e1 los kil\u00f3metro\u2026"
"RT @Intrapiernoso: Amigos, \u00bfqu\u00e9 les gustar\u00eda que dibuje Chevrolet Bolt EV? Ustedes pongan las ideas y @ChevroletMexico pondr\u00e1 los kil\u00f3metro\u2026"
"RT @Intrapiernoso: Amigos, \u00bfqu\u00e9 les gustar\u00eda que dibuje Chevrolet Bolt EV? Ustedes pongan las ideas y @ChevroletMexico pondr\u00e1 los kil\u00f3metro\u2026"
"RT @Intrapiernoso: Amigos, \u00bfqu\u00e9 les gustar\u00eda que dibuje Chevrolet Bolt EV? Ustedes pongan las ideas y @ChevroletMexico pondr\u00e1 los kil\u00f3metro\u2026"
"RT @Intrapiernoso: Amigos, \u00bfqu\u00e9 les gustar\u00eda que dibuje Chevrolet Bolt EV? Ustedes pongan las ideas y @ChevroletMexico pondr\u00e1 los kil\u00f3metro\u2026"
"RT @Intrapiernoso: Amigos, \u00bfqu\u00e9 les gustar\u00eda que dibuje Chevrolet Bolt EV? Ustedes pongan las ideas y @ChevroletMexico pondr\u00e1 los kil\u00f3metro\u2026"
"RT @Intrapiernoso: Amigos, \u00bfqu\u00e9 les gustar\u00eda que dibuje Chevrolet Bolt EV? Ustedes pongan las ideas y @ChevroletMexico pondr\u00e1 los kil\u00f3metro\u2026"
"RT @Intrapiernoso: Amigos, \u00bfqu\u00e9 les gustar\u00eda que dibuje Chevrolet Bolt EV? Ustedes pongan las ideas y @ChevroletMexico pondr\u00e1 los kil\u00f3metro\u2026"
"RT @Intrapiernoso: Amigos, \u00bfqu\u00e9 les gustar\u00eda que dibuje Chevrolet Bolt EV? Ustedes pongan las ideas y @ChevroletMexico pondr\u00e1 los kil\u00f3metro\u2026"
"RT @Intrapiernoso: Amigos, \u00bfqu\u00e9 les gustar\u00eda que dibuje Chevrolet Bolt EV? Ustedes pongan las ideas y @ChevroletMexico pondr\u00e1 los kil\u00f3metro\u2026"
"RT @Intrapiernoso: Amigos, \u00bfqu\u00e9 les gustar\u00eda que dibuje Chevrolet Bolt EV? Ustedes pongan las ideas y @ChevroletMexico pondr\u00e1 los kil\u00f3metro\u2026"
"RT @Intrapiernoso: Amigos, \u00bfqu\u00e9 les gustar\u00eda que dibuje Chevrolet Bolt EV? Ustedes pongan las ideas y @ChevroletMexico pondr\u00e1 los kil\u00f3metro\u2026"
"RT @Intrapiernoso: Amigos, \u00bfqu\u00e9 les gustar\u00eda que dibuje Chevrolet Bolt EV? Ustedes pongan las ideas y @ChevroletMexico pondr\u00e1 los kil\u00f3metro\u2026"
"RT @Intrapiernoso: Amigos, \u00bfqu\u00e9 les gustar\u00eda que dibuje Chevrolet Bolt EV? Ustedes pongan las ideas y @ChevroletMexico pondr\u00e1 los kil\u00f3metro\u2026"
"RT @Intrapiernoso: Amigos, \u00bfqu\u00e9 les gustar\u00eda que dibuje Chevrolet Bolt EV? Ustedes pongan las ideas y @ChevroletMexico pondr\u00e1 los kil\u00f3metro\u2026"
"RT @Intrapiernoso: Amigos, \u00bfqu\u00e9 les gustar\u00eda que dibuje Chevrolet Bolt EV? Ustedes pongan las ideas y @ChevroletMexico pondr\u00e1 los kil\u00f3metro\u2026"
"RT @Intrapiernoso: Amigos, \u00bfqu\u00e9 les gustar\u00eda que dibuje Chevrolet Bolt EV? Ustedes pongan las ideas y @ChevroletMexico pondr\u00e1 los kil\u00f3metro\u2026"
"RT @Intrapiernoso: Amigos, \u00bfqu\u00e9 les gustar\u00eda que dibuje Chevrolet Bolt EV? Ustedes pongan las ideas y @ChevroletMexico pondr\u00e1 los kil\u00f3metro\u2026"
"RT @Intrapiernoso: Amigos, \u00bfqu\u00e9 les gustar\u00eda que dibuje Chevrolet Bolt EV? Ustedes pongan las ideas y @ChevroletMexico pondr\u00e1 los kil\u00f3metro\u2026"
"RT @Intrapiernoso: Amigos, \u00bfqu\u00e9 les gustar\u00eda que dibuje Chevrolet Bolt EV? Ustedes pongan las ideas y @ChevroletMexico pondr\u00e1 los kil\u00f3metro\u2026"
"RT @Intrapiernoso: Amigos, \u00bfqu\u00e9 les gustar\u00eda que dibuje Chevrolet Bolt EV? Ustedes pongan las ideas y @ChevroletMexico pondr\u00e1 los kil\u00f3metro\u2026"
"RT @Intrapiernoso: Amigos, \u00bfqu\u00e9 les gustar\u00eda que dibuje Chevrolet Bolt EV? Ustedes pongan las ideas y @ChevroletMexico pondr\u00e1 los kil\u00f3metro\u2026"
"RT @Intrapiernoso: Amigos, \u00bfqu\u00e9 les gustar\u00eda que dibuje Chevrolet Bolt EV? Ustedes pongan las ideas y @ChevroletMexico pondr\u00e1 los kil\u00f3metro\u2026"
"RT @Intrapiernoso: Amigos, \u00bfqu\u00e9 les gustar\u00eda que dibuje Chevrolet Bolt EV? Ustedes pongan las ideas y @ChevroletMexico pondr\u00e1 los kil\u00f3metro\u2026"
"RT @Intrapiernoso: Amigos, \u00bfqu\u00e9 les gustar\u00eda que dibuje Chevrolet Bolt EV? Ustedes pongan las ideas y @ChevroletMexico pondr\u00e1 los kil\u00f3metro\u2026"
"RT @Intrapiernoso: Amigos, \u00bfqu\u00e9 les gustar\u00eda que dibuje Chevrolet Bolt EV? Ustedes pongan las ideas y @ChevroletMexico pondr\u00e1 los kil\u00f3metro\u2026"
"RT @Intrapiernoso: Amigos, \u00bfqu\u00e9 les gustar\u00eda que dibuje Chevrolet Bolt EV? Ustedes pongan las ideas y @ChevroletMexico pondr\u00e1 los kil\u00f3metro\u2026"
"RT @Intrapiernoso: Amigos, \u00bfqu\u00e9 les gustar\u00eda que dibuje Chevrolet Bolt EV? Ustedes pongan las ideas y @ChevroletMexico pondr\u00e1 los kil\u00f3metro\u2026"
"RT @Intrapiernoso: Amigos, \u00bfqu\u00e9 les gustar\u00eda que dibuje Chevrolet Bolt EV? Ustedes pongan las ideas y @ChevroletMexico pondr\u00e1 los kil\u00f3metro\u2026"
"RT @Intrapiernoso: Amigos, \u00bfqu\u00e9 les gustar\u00eda que dibuje Chevrolet Bolt EV? Ustedes pongan las ideas y @ChevroletMexico pondr\u00e1 los kil\u00f3metro\u2026"
"RT @Intrapiernoso: Amigos, \u00bfqu\u00e9 les gustar\u00eda que dibuje Chevrolet Bolt EV? Ustedes pongan las ideas y @ChevroletMexico pondr\u00e1 los kil\u00f3metro\u2026"
"RT @Intrapiernoso: Amigos, \u00bfqu\u00e9 les gustar\u00eda que dibuje Chevrolet Bolt EV? Ustedes pongan las ideas y @ChevroletMexico pondr\u00e1 los kil\u00f3metro\u2026"
"RT @Intrapiernoso: Amigos, \u00bfqu\u00e9 les gustar\u00eda que dibuje Chevrolet Bolt EV? Ustedes pongan las ideas y @ChevroletMexico pondr\u00e1 los kil\u00f3metro\u2026"
"RT @Intrapiernoso: Amigos, \u00bfqu\u00e9 les gustar\u00eda que dibuje Chevrolet Bolt EV? Ustedes pongan las ideas y @ChevroletMexico pondr\u00e1 los kil\u00f3metro\u2026"
"Chevy Volt and Bolt Start the Year With So-So Sales \n\nChevrolet\u2019s two plug-in cars with the similar names \u2013 the Vol\u2026 https://t.co/wZsb8QcoUB"
"RT @Intrapiernoso: Amigos, \u00bfqu\u00e9 les gustar\u00eda que dibuje Chevrolet Bolt EV? Ustedes pongan las ideas y @ChevroletMexico pondr\u00e1 los kil\u00f3metro\u2026"
"RT @Intrapiernoso: Amigos, \u00bfqu\u00e9 les gustar\u00eda que dibuje Chevrolet Bolt EV? Ustedes pongan las ideas y @ChevroletMexico pondr\u00e1 los kil\u00f3metro\u2026"
"RT @Intrapiernoso: Amigos, \u00bfqu\u00e9 les gustar\u00eda que dibuje Chevrolet Bolt EV? Ustedes pongan las ideas y @ChevroletMexico pondr\u00e1 los kil\u00f3metro\u2026"
"RT @Intrapiernoso: Amigos, \u00bfqu\u00e9 les gustar\u00eda que dibuje Chevrolet Bolt EV? Ustedes pongan las ideas y @ChevroletMexico pondr\u00e1 los kil\u00f3metro\u2026"
"RT @Intrapiernoso: Amigos, \u00bfqu\u00e9 les gustar\u00eda que dibuje Chevrolet Bolt EV? Ustedes pongan las ideas y @ChevroletMexico pondr\u00e1 los kil\u00f3metro\u2026"
"RT @EVisioneer: @ChevyElectric #Bolt sales plummet in January... but apparently so did everyone else's EV sales.  Why? Economic anxiety sta\u2026"
"RT @Intrapiernoso: Amigos, \u00bfqu\u00e9 les gustar\u00eda que dibuje Chevrolet Bolt EV? Ustedes pongan las ideas y @ChevroletMexico pondr\u00e1 los kil\u00f3metro\u2026"
"RT @Intrapiernoso: Amigos, \u00bfqu\u00e9 les gustar\u00eda que dibuje Chevrolet Bolt EV? Ustedes pongan las ideas y @ChevroletMexico pondr\u00e1 los kil\u00f3metro\u2026"
"RT @Intrapiernoso: Amigos, \u00bfqu\u00e9 les gustar\u00eda que dibuje Chevrolet Bolt EV? Ustedes pongan las ideas y @ChevroletMexico pondr\u00e1 los kil\u00f3metro\u2026"
"RT @Intrapiernoso: Amigos, \u00bfqu\u00e9 les gustar\u00eda que dibuje Chevrolet Bolt EV? Ustedes pongan las ideas y @ChevroletMexico pondr\u00e1 los kil\u00f3metro\u2026"
"RT @Intrapiernoso: Amigos, \u00bfqu\u00e9 les gustar\u00eda que dibuje Chevrolet Bolt EV? Ustedes pongan las ideas y @ChevroletMexico pondr\u00e1 los kil\u00f3metro\u2026"
"RT @Intrapiernoso: Amigos, \u00bfqu\u00e9 les gustar\u00eda que dibuje Chevrolet Bolt EV? Ustedes pongan las ideas y @ChevroletMexico pondr\u00e1 los kil\u00f3metro\u2026"
"RT @Quinteronow: El nuevo Chevrolet Bolt Ev es 100% el\u00e9ctrico! \ud83d\ude31\u26a1\ufe0f #ConUnaCargaDeBoltEV puede recorrer 383 KM, \u00bfQu\u00e8 les gustar\u00eda dibujara e\u2026"
"GM's #carsharing service Maven is happy to contribute to this target with its experience of driving millions of mil\u2026 https://t.co/mqbtYtZUr1"
"RT @EVisioneer: @ChevyElectric #Bolt sales plummet in January... but apparently so did everyone else's EV sales.  Why? Economic anxiety sta\u2026"
"RT @EVisioneer: @ChevyElectric #Bolt sales plummet in January... but apparently so did everyone else's EV sales.  Why? Economic anxiety sta\u2026"
"@ChevyElectric #Bolt sales plummet in January... but apparently so did everyone else's EV sales.  Why? Economic anx\u2026 https://t.co/pnJnV9k2jV"
"Chevrolet Bolt EV es un auto 100% el\u00e9ctrico y eficiente, con decirles que puede recorrer hasta 383km y estar\u00e1 recor\u2026 https://t.co/iyN2Nbiecc"
"RT @Intrapiernoso: Amigos, \u00bfqu\u00e9 les gustar\u00eda que dibuje Chevrolet Bolt EV? Ustedes pongan las ideas y @ChevroletMexico pondr\u00e1 los kil\u00f3metro\u2026"
"RT @Quinteronow: El nuevo Chevrolet Bolt Ev es 100% el\u00e9ctrico! \ud83d\ude31\u26a1\ufe0f #ConUnaCargaDeBoltEV puede recorrer 383 KM, \u00bfQu\u00e8 les gustar\u00eda dibujara e\u2026"
"Estaba viendo que Chevrolet saldr\u00e1 con su Bolt EV a pintar cosas en la ciudad, creo que estar\u00eda asombroso que pinta\u2026 https://t.co/iZJvmslPvI"
"RT @Intrapiernoso: Amigos, \u00bfqu\u00e9 les gustar\u00eda que dibuje Chevrolet Bolt EV? Ustedes pongan las ideas y @ChevroletMexico pondr\u00e1 los kil\u00f3metro\u2026"
"RT @Intrapiernoso: Amigos, \u00bfqu\u00e9 les gustar\u00eda que dibuje Chevrolet Bolt EV? Ustedes pongan las ideas y @ChevroletMexico pondr\u00e1 los kil\u00f3metro\u2026"
"RT @Intrapiernoso: Amigos, \u00bfqu\u00e9 les gustar\u00eda que dibuje Chevrolet Bolt EV? Ustedes pongan las ideas y @ChevroletMexico pondr\u00e1 los kil\u00f3metro\u2026"
"RT @Quinteronow: El nuevo Chevrolet Bolt Ev es 100% el\u00e9ctrico! \ud83d\ude31\u26a1\ufe0f #ConUnaCargaDeBoltEV puede recorrer 383 KM, \u00bfQu\u00e8 les gustar\u00eda dibujara e\u2026"
"Amigos, \u00bfqu\u00e9 les gustar\u00eda que dibuje Chevrolet Bolt EV? Ustedes pongan las ideas y @ChevroletMexico pondr\u00e1 los kil\u00f3\u2026 https://t.co/Ri4aFkhb5y"
"RT @Quinteronow: El nuevo Chevrolet Bolt Ev es 100% el\u00e9ctrico! \ud83d\ude31\u26a1\ufe0f #ConUnaCargaDeBoltEV puede recorrer 383 KM, \u00bfQu\u00e8 les gustar\u00eda dibujara e\u2026"
"RT @Quinteronow: El nuevo Chevrolet Bolt Ev es 100% el\u00e9ctrico! \ud83d\ude31\u26a1\ufe0f #ConUnaCargaDeBoltEV puede recorrer 383 KM, \u00bfQu\u00e8 les gustar\u00eda dibujara e\u2026"
"RT @Quinteronow: El nuevo Chevrolet Bolt Ev es 100% el\u00e9ctrico! \ud83d\ude31\u26a1\ufe0f #ConUnaCargaDeBoltEV puede recorrer 383 KM, \u00bfQu\u00e8 les gustar\u00eda dibujara e\u2026"
"RT @Quinteronow: El nuevo Chevrolet Bolt Ev es 100% el\u00e9ctrico! \ud83d\ude31\u26a1\ufe0f #ConUnaCargaDeBoltEV puede recorrer 383 KM, \u00bfQu\u00e8 les gustar\u00eda dibujara e\u2026"
"RT @Quinteronow: El nuevo Chevrolet Bolt Ev es 100% el\u00e9ctrico! \ud83d\ude31\u26a1\ufe0f #ConUnaCargaDeBoltEV puede recorrer 383 KM, \u00bfQu\u00e8 les gustar\u00eda dibujara e\u2026"
"@MLiebreich @VWGroup I just swapped out my Golf TDI for a @chevrolet Bolt EV.  Stringent ZEV policies are needed to\u2026 https://t.co/7AUemGyX74"
"RT @Quinteronow: El nuevo Chevrolet Bolt Ev es 100% el\u00e9ctrico! \ud83d\ude31\u26a1\ufe0f #ConUnaCargaDeBoltEV puede recorrer 383 KM, \u00bfQu\u00e8 les gustar\u00eda dibujara e\u2026"
"RT @Quinteronow: El nuevo Chevrolet Bolt Ev es 100% el\u00e9ctrico! \ud83d\ude31\u26a1\ufe0f #ConUnaCargaDeBoltEV puede recorrer 383 KM, \u00bfQu\u00e8 les gustar\u00eda dibujara e\u2026"
"El nuevo Chevrolet Bolt Ev es 100% el\u00e9ctrico! \ud83d\ude31\u26a1\ufe0f #ConUnaCargaDeBoltEV puede recorrer 383 KM, \u00bfQu\u00e8 les gustar\u00eda dib\u2026 https://t.co/VBCrKWvi3P"
"@AjawadMahmoud @GassedUpOldMan @nixcraft Also FOSS makes my @chevrolet Bolt #ElectricVehicle better, and GM more su\u2026 https://t.co/AXOLGxDjap"
"Chevy Bolt EV Sales Increase 1.3 Percent To 1,177 Units In January 2018 https://t.co/VWKgUR465M via @gmauthority"
"NEW 2017 CHEVROLET BOLT EV\nhttps://t.co/0fbUUDO0kR https://t.co/e4BRoYoiqD"
"Check out the 2018 #Chevrolet Bolt! Let us know what your favorite thing about it is! https://t.co/2dBnYP1ONf"
"1972 Chevrolet, C10\n\n8995.00 USD\n\n1972 CHEVROLET C10 PICK UP 250 SIX CLYINDER AUTOMATIC BOTH ENGINE AND TRASMISSION\u2026 https://t.co/4rxk1OWLGT"
"eBay: 1968 Chevrolet Camaro BUILT 454CI, 6 SPEED TRANS, 12-BOLT REAR, PROCAR BUCKETS, VINTAGE A/C, WOW!\u2026 https://t.co/j5StyTx5DL"
"RT @ChevroletArabia: A second charging station opening ceremony in #Muscat, Oman with the Chevrolet #Bolt EV. Now we\u2019re talking electric. #\u2026"
"RT @ChevroletArabia: A second charging station opening ceremony in #Muscat, Oman with the Chevrolet #Bolt EV. Now we\u2019re talking electric. #\u2026"
"RT @ChevroletArabia: The Chevrolet #Bolt EV leading by example at the Eco-home of the German University of Technology in Oman. #LetsTalkEle\u2026"
"RT @ChevroletArabia: The Chevrolet #Bolt EV is supporting the opening of a new charging station in #Fujairah, UAE. We\u2019re here with the @glo\u2026"
"RT @ChevroletArabia: Come down to RAK Track to experience the Chevrolet #Bolt EV. We will be here til 8 PM. #RasAlKhaimah #LetsTalkElecteic\u2026"
"RT @ChevroletArabia: Our nine-day all-electric road trip has come to an end -- we made it to the finish line! Meet us @TSCDubai to experien\u2026"
"#GMChat Chevy Bolt EV Sales Increase 1.3 Percent To 1,177 Units In January 2018 https://t.co/g7DreWKiCU"
"Chevy Bolt EV Sales Increase 1.3 Percent To 1,177 Units In January 2018 - Remaining the best-selling car in its seg\u2026 https://t.co/ye9RVyD1zK"
"2018 Bolt EV: Electric Car | Electric Vehicle | Chevrolet https://t.co/vpvgoEY6RR"
"RT @AllMotorBlogg: Please RT? #cars #supercars #luxurycars #motor 2017 Chevrolet Bolt - Prototype Drive https://t.co/sneOpbnp9O https://t.c\u2026"
"Please RT? #cars #supercars #luxurycars #motor 2017 Chevrolet Bolt - Prototype Drive https://t.co/kF1VAnfC7O https://t.co/twGZoBYJZZ"
"Please RT? #cars #supercars #luxurycars #motor 2017 Chevrolet Bolt - Prototype Drive https://t.co/sneOpbnp9O https://t.co/Tb9av4NDZA"
"RT @WaistedD: Amigos, dejen ideas para que nuestros amigos de Chevrolet Bolt EV dibuje sobre su carro electrico que est\u00e1 duro! y este 10 de\u2026"
"RT @WaistedD: Amigos, dejen ideas para que nuestros amigos de Chevrolet Bolt EV dibuje sobre su carro electrico que est\u00e1 duro! y este 10 de\u2026"
"RT @WaistedD: Amigos, dejen ideas para que nuestros amigos de Chevrolet Bolt EV dibuje sobre su carro electrico que est\u00e1 duro! y este 10 de\u2026"
"RT @WaistedD: Amigos, dejen ideas para que nuestros amigos de Chevrolet Bolt EV dibuje sobre su carro electrico que est\u00e1 duro! y este 10 de\u2026"
"RT @WaistedD: Amigos, dejen ideas para que nuestros amigos de Chevrolet Bolt EV dibuje sobre su carro electrico que est\u00e1 duro! y este 10 de\u2026"
"RT @WaistedD: Amigos, dejen ideas para que nuestros amigos de Chevrolet Bolt EV dibuje sobre su carro electrico que est\u00e1 duro! y este 10 de\u2026"
"RT @WaistedD: Amigos, dejen ideas para que nuestros amigos de Chevrolet Bolt EV dibuje sobre su carro electrico que est\u00e1 duro! y este 10 de\u2026"
"RT @WaistedD: Amigos, dejen ideas para que nuestros amigos de Chevrolet Bolt EV dibuje sobre su carro electrico que est\u00e1 duro! y este 10 de\u2026"
"RT @WaistedD: Amigos, dejen ideas para que nuestros amigos de Chevrolet Bolt EV dibuje sobre su carro electrico que est\u00e1 duro! y este 10 de\u2026"
"RT @WaistedD: Amigos, dejen ideas para que nuestros amigos de Chevrolet Bolt EV dibuje sobre su carro electrico que est\u00e1 duro! y este 10 de\u2026"
"RT @WaistedD: Amigos, dejen ideas para que nuestros amigos de Chevrolet Bolt EV dibuje sobre su carro electrico que est\u00e1 duro! y este 10 de\u2026"
"RT @WaistedD: Amigos, dejen ideas para que nuestros amigos de Chevrolet Bolt EV dibuje sobre su carro electrico que est\u00e1 duro! y este 10 de\u2026"
"RT @WaistedD: Amigos, dejen ideas para que nuestros amigos de Chevrolet Bolt EV dibuje sobre su carro electrico que est\u00e1 duro! y este 10 de\u2026"
"RT @WaistedD: Amigos, dejen ideas para que nuestros amigos de Chevrolet Bolt EV dibuje sobre su carro electrico que est\u00e1 duro! y este 10 de\u2026"
"RT @WaistedD: Amigos, dejen ideas para que nuestros amigos de Chevrolet Bolt EV dibuje sobre su carro electrico que est\u00e1 duro! y este 10 de\u2026"
"RT @WaistedD: Amigos, dejen ideas para que nuestros amigos de Chevrolet Bolt EV dibuje sobre su carro electrico que est\u00e1 duro! y este 10 de\u2026"
"RT @WaistedD: Amigos, dejen ideas para que nuestros amigos de Chevrolet Bolt EV dibuje sobre su carro electrico que est\u00e1 duro! y este 10 de\u2026"
"Amigos, dejen ideas para que nuestros amigos de Chevrolet Bolt EV dibuje sobre su carro electrico que est\u00e1 duro! y\u2026 https://t.co/5hkaqFrIod"
"\u2b50 Why Sales of General Motors&amp;apos; Chevrolet Bolt EV Fell in January \u2b50 \nRead more HERE \u27a1\ufe0fhttps://t.co/YRYdul5EQH  \u2b05 https://t.co/Deq6PvT6Wd"
"RT @carsdotcom: Big game. Bigger innovation! \u2014 See why our experts named the @Chevrolet Bolt \u201cEco-Friendly Car of the Year.\u201d #carsbigwinners"
"RT @carsdotcom: Big game. Bigger innovation! \u2014 See why our experts named the @Chevrolet Bolt \u201cEco-Friendly Car of the Year.\u201d #carsbigwinners"
"Lease a 2017 #Chevrolet #Bolt for $199 a month for 36 months from @Hoselton in the state of New York https://t.co/USZo516CEE"
"2017 Chevrolet Bolt EV Premier - Three REAL Things People Don't Like About The Chevy Bolt EV: https://t.co/QTBe1MWh1n via @YouTube"
"Please RT? #cars #supercars #luxurycars #motor 2017 Chevrolet Bolt - Prototype Drive https://t.co/d5Z8Qt3Tam https://t.co/QBn8dPLbjE"
"Imagine driving along the coast and not having to stop for gasoline. See what the @Chevrolet Bolt can add to your t\u2026 https://t.co/nlVva2oIGp"
"Why Sales of General Motors' Chevrolet Bolt EV Fell in January: Bolt sales were down big, but it was still a good s\u2026 https://t.co/DYMDr8gjX5"
"Please RT? #cars #supercars #luxurycars #motor 2017 Chevrolet Bolt - Prototype Drive https://t.co/B6pS6cMZld https://t.co/uHXfhDHa2a"
"Take a relaxing trip in the Chevrolet Bolt EV. https://t.co/98jE0AWsSj"
"RT @ClassicCarCorra: from @camaro_rs_ss -  1969 Camaro SS 396  Big block 468 big block,700r with overdrive ,12 Bolt 411s\n#camaro #chevy #ch\u2026"
"RT @ClassicCarCorra: from @camaro_rs_ss -  1969 Camaro SS 396  Big block 468 big block,700r with overdrive ,12 Bolt 411s\n#camaro #chevy #ch\u2026"
"RT @ClassicCarCorra: from @camaro_rs_ss -  1969 Camaro SS 396  Big block 468 big block,700r with overdrive ,12 Bolt 411s\n#camaro #chevy #ch\u2026"
"El nuevo Bolt EV de Chevrolet es un carro 100% el\u00e9ctrico que con una carga recorre \u00a1hasta 323 KM de la ciudad! Sufi\u2026 https://t.co/Thtf0EFvCX"
"RT @CaresoftGlobal: We invite guests from OEMs and Tier -I suppliers to view and inspect the full vehicle teardown of the 2017 Chevrolet Bo\u2026"
"Wondering what it's like to live with the Chevrolet Bolt EV during the winter?\n https://t.co/uPW96QaDRu"
"@cleantechnica @chevrolet Bolt has a 5 \u2b50\ufe0f \u2b50\ufe0f \u2b50\ufe0f \u2b50\ufe0f \u2b50\ufe0f rating from Car and Driver and great range https://t.co/yKNmX5VagG"
"Why Sales of General Motors' @Chevrolet @Bolt EV Fell in January https://t.co/o3UonDbvGB"
"RT @ClassicCarCorra: from @camaro_rs_ss -  1969 Camaro SS 396  Big block 468 big block,700r with overdrive ,12 Bolt 411s\n#camaro #chevy #ch\u2026"
"RT @ChiCleanCities: Chevrolet Bolt EV Electrifies Public Fleets https://t.co/Ijcqetyhm0 \u2026 via @greenfleetmag @ChevyElectric @fligouri #Bolt\u2026"
"New post: \"Why Sales of General Motors' Chevrolet Bolt EV Fell in January\" https://t.co/4JK1LgYSeh"
"RT @ClassicCarCorra: from @camaro_rs_ss -  1969 Camaro SS 396  Big block 468 big block,700r with overdrive ,12 Bolt 411s\n#camaro #chevy #ch\u2026"
"RT @ClassicCarCorra: from @camaro_rs_ss -  1969 Camaro SS 396  Big block 468 big block,700r with overdrive ,12 Bolt 411s\n#camaro #chevy #ch\u2026"
"RT @ClassicCarCorra: from @camaro_rs_ss -  1969 Camaro SS 396  Big block 468 big block,700r with overdrive ,12 Bolt 411s\n#camaro #chevy #ch\u2026"
"The Electric Car: Chevrolet Bolt EV https://t.co/FG7LYlzDxF"
"RT @ClassicCarCorra: from @camaro_rs_ss -  1969 Camaro SS 396  Big block 468 big block,700r with overdrive ,12 Bolt 411s\n#camaro #chevy #ch\u2026"
"Why Sales of General Motors' Chevrolet Bolt EV Fell in January https://t.co/6uzT87Z3qa"
"RT @GreenCar_Newz: Why Sales of General Motors' Chevrolet Bolt EV Fell in January https://t.co/BaKKI9VBaH https://t.co/O2lm9FajSD"
"Why Sales of General Motors' Chevrolet Bolt EV Fell in January https://t.co/BaKKI9VBaH https://t.co/O2lm9FajSD"
"RT @ClassicCarCorra: from @camaro_rs_ss -  1969 Camaro SS 396  Big block 468 big block,700r with overdrive ,12 Bolt 411s\n#camaro #chevy #ch\u2026"
"$GM $TSLA:\n\nWhy Sales of General Motors\u2019 Chevrolet Bolt EV Fell in January:\n\nhttps://t.co/oP7vdhLlve"
"After introducing game-changing vehicles like the Chevy Bolt, the automaker is laying low with new additions this y\u2026 https://t.co/sl5M0aWBwO"
"$TSLA:\n\nWhy Sales of General Motors\u2019 Chevrolet Bolt EV Fell in January:\n\nhttps://t.co/cc2Bm2HvBh"
"Steve Wozniak\u2019s Tesla Relationship On Ice, Says He Drives Chevrolet Bolt EV Every Day https://t.co/nFcLRz4YMV"
"@Y2JCrisis Chevrolet should open a Chevy Bolt manufacturing plant in the Ukraine."
"Impulso el\u00e9ctrico: durante el Sal\u00f3n de #Detroit, #Chevrolet confirm\u00f3 que comercializar\u00e1 el Bolt en Brasil en 2019\u2026 https://t.co/nMVMyvVodr"
"RT @ClassicCarCorra: from @camaro_rs_ss -  1969 Camaro SS 396  Big block 468 big block,700r with overdrive ,12 Bolt 411s\n#camaro #chevy #ch\u2026"
"Why haven't you bought an electric car yet, #twitter?  https://t.co/9pmjWpPuLM\n\n&gt;2017 Chevrolet Bolt\n&gt;238 miles on a single charge\n/fap."
"RT @ClassicCarCorra: from @camaro_rs_ss -  1969 Camaro SS 396  Big block 468 big block,700r with overdrive ,12 Bolt 411s\n#camaro #chevy #ch\u2026"
"RT @ClassicCarCorra: from @camaro_rs_ss -  1969 Camaro SS 396  Big block 468 big block,700r with overdrive ,12 Bolt 411s\n#camaro #chevy #ch\u2026"
"After introducing game-changing vehicles like the Chevy Bolt, the automaker is laying low with new additions this y\u2026 https://t.co/Vaa6r93vOi"
"After introducing game-changing vehicles like the Chevy Bolt, the automaker is laying low with new additions this y\u2026 https://t.co/I93TB1XSX5"
"After introducing game-changing vehicles like the Chevy Bolt, the automaker is laying low with new additions this y\u2026 https://t.co/4RgOwW7XI0"
"After introducing game-changing vehicles like the Chevy Bolt, the automaker is laying low with new additions this y\u2026 https://t.co/6qSsT7TMOa"
"Adicionei um v\u00eddeo a uma playlist @YouTube https://t.co/dLuJXZ4jFi RODA #4 - CHEVROLET BOLT"
"Steve Wozniak's Tesla Relationship On Ice, Says He Drives Chevrolet Bolt EV Every Day https://t.co/Rrh5aLG4IH"
"After introducing game-changing vehicles like the Chevy Bolt, the automaker is laying low with new additions this y\u2026 https://t.co/XnvXCagYoP"
"Steve Wozniak\u2019s Tesla Relationship On Ice, Says He Drives Chevrolet Bolt EV Every Day https://t.co/DeKzZYdtPy via @gmauthority"
"@metalberto9 \u00a1Hola! El nuevo Chevrolet Bolt EV 100% el\u00e9ctrico est\u00e1 disponible desde $696,100."
"RT @ClassicCarCorra: from @camaro_rs_ss -  1969 Camaro SS 396  Big block 468 big block,700r with overdrive ,12 Bolt 411s\n#camaro #chevy #ch\u2026"
"RT @ClassicCarCorra: from @camaro_rs_ss -  1969 Camaro SS 396  Big block 468 big block,700r with overdrive ,12 Bolt 411s\n#camaro #chevy #ch\u2026"
"Steve Wozniak\u2019s Tesla Relationship On Ice, Says He Drives Chevrolet Bolt EV Every Day - The Woz said he doesn't bel\u2026 https://t.co/HBmCMjblHj"
"#GMChat Steve Wozniak\u2019s Tesla Relationship On Ice, Says He Drives Chevrolet Bolt EV Every Day https://t.co/jvL5SCzUVc"
"RT @ClassicCarCorra: from @camaro_rs_ss -  1969 Camaro SS 396  Big block 468 big block,700r with overdrive ,12 Bolt 411s\n#camaro #chevy #ch\u2026"
"RT @ClassicCarCorra: from @camaro_rs_ss -  1969 Camaro SS 396  Big block 468 big block,700r with overdrive ,12 Bolt 411s\n#camaro #chevy #ch\u2026"
"Please RT? #cars #supercars #luxurycars #motor 12 Things to Know About Chevrolet?s $30,000 Bolt EV\u2026 https://t.co/ZI56o7oJlM"
"Please RT? #cars #supercars #luxurycars #motor 12 Things to Know About Chevrolet?s $30,000 Bolt EV\u2026 https://t.co/9SkjzHrPY3"
"RT @ClassicCarCorra: from @camaro_rs_ss -  1969 Camaro SS 396  Big block 468 big block,700r with overdrive ,12 Bolt 411s\n#camaro #chevy #ch\u2026"
"RT @foroelectricos: Seguimos con el Debate: \u00bfcomprar un Tesla Model S de segunda mano o un Opel Ampera-e (Chevrolet Bolt) nuevo? https://t.\u2026"
"from @camaro_rs_ss -  1969 Camaro SS 396  Big block 468 big block,700r with overdrive ,12 Bolt 411s\n#camaro #chevy\u2026 https://t.co/drgqVnpuNl"
"Chevrolet Bolt Autonomous has no physical steering wheel! https://t.co/DgI86vFv0g #Chevrolet #car #Automotive\u2026 https://t.co/Ivj6HrnpAR"
"@CatClifford Great Article on Wozniak vs Musk. At the end, I believe Woz probably said \"Bolt EV\" - he's been vocal\u2026 https://t.co/uYCAmZ51lQ"
"We invite guests from OEMs and Tier -I suppliers to view and inspect the full vehicle teardown of the 2017 Chevrole\u2026 https://t.co/JAAJVDI45e"
"RT @foroelectricos: Seguimos con el Debate: \u00bfcomprar un Tesla Model S de segunda mano o un Opel Ampera-e (Chevrolet Bolt) nuevo? https://t.\u2026"
"RT @urduecksalesguy: 2018 #Chevy #Bolt! BANG! BANG! #yolo https://t.co/qVlbK50Z5H @GlenmorePrint #FindNewRoads @chevrolet @ChevroletCanada\u2026"
"RT @foroelectricos: Seguimos con el Debate: \u00bfcomprar un Tesla Model S de segunda mano o un Opel Ampera-e (Chevrolet Bolt) nuevo? https://t.\u2026"
"Chevrolet Bolt Sales Up Year-Over-Year For January, Volt Sales Are Another Story https://t.co/jtm9jTdiQk"
"&gt;Chevrolet Bolt EV\n&gt;Under 40k\n&gt;238 miles on a single charge\n\nCan't wait to get that in the year 2021 when it's under 15k."
"RT @MikeWayland: A few notes for @GM electrified car sales: @Chevrolet Bolt EV +1.3% YOY to 1,177 units, however 1/2 of Dec. sales; Volt be\u2026"
"RT @WRVoltec: January sales numbers are in for the US, 1177 Bolt EVs (up 1.3%), 713 Volts (down 55.7%) GM moved 1890 total EVs during the m\u2026"
"RT @urduecksalesguy: 2018 #Chevy #Bolt! BANG! BANG! #yolo https://t.co/qVlbK50Z5H @GlenmorePrint #FindNewRoads @chevrolet @ChevroletCanada\u2026"
"FYI: Demandan a GM por un choque entre una #Motocicleta y un #Chevrolet Bolt aut\u00f3nomo https://t.co/jLAUB3w9Ts https://t.co/6fQFrA15WD"
"RT @foroelectricos: Seguimos con el Debate: \u00bfcomprar un Tesla Model S de segunda mano o un Opel Ampera-e (Chevrolet Bolt) nuevo? https://t.\u2026"
"@stevenewing @dsgolson @andrewkrok Subaru Outback: Car or not car?\n\nChevrolet Bolt?\n\nToyota Venza?"
"RT @WRVoltec: January sales numbers are in for the US, 1177 Bolt EVs (up 1.3%), 713 Volts (down 55.7%) GM moved 1890 total EVs during the m\u2026"
"Seguimos con el Debate: \u00bfcomprar un Tesla Model S de segunda mano o un Opel Ampera-e (Chevrolet Bolt) nuevo? https://t.co/mAKBf72MMP"
"Seguimos con el Debate: \u00bfcomprar un Tesla Model S de segunda mano o un Opel Ampera-e (Chevrolet Bolt) nuevo? https://t.co/iwkSh0gecO"
"Chevrolet Bolt Sales Up Year-Over-Year For January, Volt Sales Are Another Story https://t.co/wKH5LCTTNO"
"\u041c\u043d\u0435 \u043f\u043e\u043d\u0440\u0430\u0432\u0438\u043b\u043e\u0441\u044c \u0432\u0438\u0434\u0435\u043e \"2017 Chevrolet Bolt - Review and Road Test\" (https://t.co/sNscTI2ZsZ) \u043d\u0430 @YouTube."
"RT @TheMansZone: #ForSale #1955 Chevrolet Bel Air/150/210 Leather 1955 Chevrolet BelAir Pro Touring, LS2, 4l60E, GM 373 12 bolt posi. https\u2026"
"RT @InsideEVs: Chevrolet Bolt Sales Up Again For January, Volt Sales Are Another Story https://t.co/XDJcqycDWS"
"Please RT? #cars #supercars #luxurycars #motor 12 Things to Know About Chevrolet?s $30,000 Bolt EV\u2026 https://t.co/7u3z9f31zk"
"Please RT? #cars #supercars #luxurycars #motor 12 Things to Know About Chevrolet?s $30,000 Bolt EV\u2026 https://t.co/V2I6s6MdOG"